<?xml version="1.0" encoding="UTF-8"?>
<AssociateData>
<Associate associateId="101">
<firstName>Anmol</firstName>
<lastName>Kaur</lastName>
<yearlyInvestmentUnder80C>150000</yearlyInvestmentUnder80C>
<department>ADM</department>
<designation>Sr.Analyst</designation>
<pancard>EWQ1234</pancard>
<emailId>anmolshivamkaur@gmail.com</emailId>
<BankDetails>
 <accountNumber>12345</accountNumber>
 <bankName>HDFC</bankName>
 <ifscCode>HDFC00062</ifscCode>
</BankDetails>
</Associate>
</AssociateData>