<?xml version="1.0" encoding="UTF-8"?>
<consumerdata xmlns="http://www.example.org/Electricity_consumer" xmlns:xsi="http://www.w3.org/2001/XMLSchema-instance" xsi:schemaLocation="http://www.example.org/Electricity_consumer Electricity_consumer.xsd ">
  <consumer>
    <ConsumerNo>1001</ConsumerNo>
    <ConsumnerName>Seema Joshi</ConsumnerName>
    <emailId>Seema.joshi@gmail.com</emailId>
    <UnitsConsumed>250</UnitsConsumed>
  </consumer>
   <consumer>
    <ConsumerNo>1002</ConsumerNo>
    <ConsumnerName>Amey Joshi</ConsumnerName>
    <emailId>Amey.j@cg.com</emailId>
    <UnitsConsumed>345</UnitsConsumed>
  </consumer>
  <consumer>
    <ConsumerNo>1003</ConsumerNo>
    <ConsumnerName>Pravin</ConsumnerName>
    <emailId>Pravin.t@cg.com</emailId>
    <UnitsConsumed>457</UnitsConsumed>
  </consumer>
  <consumer>
    <ConsumerNo>1004</ConsumerNo>
    <ConsumnerName>Manoj Kulkarni</ConsumnerName>
    <emailId>manoj@gmail.com</emailId>
    <UnitsConsumed>780</UnitsConsumed>
  </consumer>
  <consumer>
    <ConsumerNo>1005</ConsumerNo>
    <ConsumnerName>Shrikant Shinde</ConsumnerName>
    <emailId>Shrikant.shinde@gmail.com</emailId>
    <UnitsConsumed>345</UnitsConsumed>
  </consumer>
  <consumer>
    <ConsumerNo>1006</ConsumerNo>
    <ConsumnerName>MaheshB</ConsumnerName>
    <emailId>bMahesh@yahoo.com</emailId>
    <UnitsConsumed>720</UnitsConsumed>
  </consumer>
</consumerdata>
